{"cameraMode":{"drawMode":0,"name":"Shaded","section":"Shading Mode"},"sceneLighting":true,"audioPlay":false,"sceneViewState":{"showFog":true,"showMaterialUpdate":false,"showSkybox":true,"showFlares":true,"showImageEffects":true,"showParticleSystems":true},"in2DMode":false,"pivot":{"x":-0.820999264717102,"y":0.9762464761734009,"z":0.922391414642334},"rotation":{"x":0.36879339814186098,"y":0.36697930097579958,"z":-0.16138450801372529,"w":0.8386149406433106},"size":6.375237941741943,"orthographic":false}