{"cameraMode":{"drawMode":0,"name":"Shaded","section":"Shading Mode"},"sceneLighting":true,"audioPlay":false,"sceneViewState":{"showFog":true,"showMaterialUpdate":false,"showSkybox":true,"showFlares":true,"showImageEffects":true,"showParticleSystems":true},"in2DMode":false,"pivot":{"x":0.042726531624794009,"y":0.856731116771698,"z":0.1845698356628418},"rotation":{"x":-0.004438863135874271,"y":0.9795653223991394,"z":-0.19990399479866029,"w":-0.021749259904026986},"size":7.653001308441162,"orthographic":false}