{"cameraMode":{"drawMode":0,"name":"Shaded","section":"Shading Mode"},"sceneLighting":true,"audioPlay":false,"sceneViewState":{"showFog":true,"showMaterialUpdate":false,"showSkybox":true,"showFlares":true,"showImageEffects":true,"showParticleSystems":true},"in2DMode":false,"pivot":{"x":0.04115422070026398,"y":0.9399053454399109,"z":0.1491837501525879},"rotation":{"x":-0.004438863135874271,"y":0.9795653223991394,"z":-0.19990399479866029,"w":-0.021749259904026986},"size":1.0062975883483887,"orthographic":false}